{
  "version": 1,
  "author": "Макс Черепянский",
  "editor": "wokwi",
  "parts": [
    { "type": "wokwi-breadboard-half", "id": "bb1", "top": -22.2, "left": 310, "attrs": {} },
    { "type": "wokwi-arduino-uno", "id": "uno", "top": 0.6, "left": -0.6, "attrs": {} },
    { "type": "wokwi-rgb-led", "id": "rgb1", "top": 71.2, "left": 365.9, "attrs": {} },
    {
      "type": "wokwi-resistor",
      "id": "r1",
      "top": 62.4,
      "left": 364.25,
      "rotate": 90,
      "attrs": { "value": "1000" }
    },
    {
      "type": "wokwi-resistor",
      "id": "r2",
      "top": 62.4,
      "left": 373.85,
      "rotate": 90,
      "attrs": { "value": "1000" }
    },
    {
      "type": "wokwi-resistor",
      "id": "r3",
      "top": 62.4,
      "left": 345.05,
      "rotate": 90,
      "attrs": { "value": "1000" }
    },
    {
      "type": "wokwi-hc-sr04",
      "id": "ultrasonic1",
      "top": 222.3,
      "left": 418.3,
      "attrs": { "distance": "400" }
    }
  ],
  "connections": [
    [ "uno:GND.3", "bb1:bn.1", "black", [ "v48.5", "h13" ] ],
    [ "uno:5V", "bb1:bp.1", "red", [ "v48.5", "h3.2" ] ],
    [ "ultrasonic1:VCC", "bb1:bp.2", "red", [ "v-9.6", "h-153.6" ] ],
    [ "bb1:bn.2", "ultrasonic1:GND", "green", [ "v152.3", "h155.2" ] ],
    [ "ultrasonic1:TRIG", "uno:A3", "green", [ "v38.4", "h-250" ] ],
    [ "uno:A2", "ultrasonic1:ECHO", "green", [ "v182.9", "h22.6" ] ],
    [ "bb1:bp.5", "bb1:6b.j", "green", [ "v0" ] ],
    [ "bb1:5t.a", "uno:A5", "green", [ "v172.8", "h-115.2" ] ],
    [ "bb1:7t.a", "uno:A4", "green", [ "v182.4", "h-144" ] ],
    [ "uno:A1", "bb1:8t.a", "green", [ "v95.9", "h51.9" ] ],
    [ "rgb1:R", "bb1:5b.h", "", [ "$bb" ] ],
    [ "rgb1:COM", "bb1:6b.i", "", [ "$bb" ] ],
    [ "rgb1:G", "bb1:7b.h", "", [ "$bb" ] ],
    [ "rgb1:B", "bb1:8b.h", "", [ "$bb" ] ],
    [ "r1:1", "bb1:7t.b", "", [ "$bb" ] ],
    [ "r1:2", "bb1:7b.f", "", [ "$bb" ] ],
    [ "r2:1", "bb1:8t.b", "", [ "$bb" ] ],
    [ "r2:2", "bb1:8b.f", "", [ "$bb" ] ],
    [ "r3:1", "bb1:5t.b", "", [ "$bb" ] ],
    [ "r3:2", "bb1:5b.f", "", [ "$bb" ] ]
  ],
  "dependencies": {}
}