{
  "version": 1,
  "author": "Anonymous maker",
  "editor": "wokwi",
  "parts": [
    { "type": "wokwi-arduino-uno", "id": "uno", "top": 0, "left": 0, "attrs": {} },
    {
      "type": "wokwi-led",
      "id": "led1",
      "top": -80.4,
      "left": 378.2,
      "attrs": { "color": "white" }
    },
    {
      "type": "wokwi-resistor",
      "id": "r1",
      "top": -72,
      "left": 172.25,
      "rotate": 90,
      "attrs": { "value": "1000" }
    },
    {
      "type": "wokwi-pushbutton",
      "id": "btn1",
      "top": 57,
      "left": 319.8,
      "rotate": 90,
      "attrs": { "color": "green" }
    },
    {
      "type": "wokwi-resistor",
      "id": "r2",
      "top": 14.4,
      "left": 364.25,
      "rotate": 90,
      "attrs": { "value": "1000" }
    }
  ],
  "connections": [
    [ "led1:A", "r1:2", "green", [ "v0" ] ],
    [ "r1:1", "uno:8", "green", [ "h0" ] ],
    [ "uno:2", "btn1:2.l", "green", [ "v0" ] ],
    [ "led1:C", "r2:1", "green", [ "v0" ] ],
    [ "r2:2", "btn1:1.l", "green", [ "h0" ] ],
    [ "btn1:2.r", "uno:5V", "green", [ "v0" ] ],
    [ "btn1:1.r", "uno:GND.2", "green", [ "v0" ] ]
  ],
  "dependencies": {}
}