{
  "version": 1,
  "author": "Anonymous maker",
  "editor": "wokwi",
  "parts": [
    { "type": "wokwi-arduino-uno", "id": "uno", "top": 0, "left": 0, "attrs": {} },
    {
      "type": "wokwi-led",
      "id": "led1",
      "top": -166.8,
      "left": 99.8,
      "attrs": { "color": "white" }
    },
    {
      "type": "wokwi-led",
      "id": "led2",
      "top": -166.8,
      "left": 51.8,
      "attrs": { "color": "white" }
    },
    {
      "type": "wokwi-led",
      "id": "led3",
      "top": -166.8,
      "left": 195.8,
      "attrs": { "color": "white" }
    },
    {
      "type": "wokwi-led",
      "id": "led4",
      "top": -166.8,
      "left": 147.8,
      "attrs": { "color": "white" }
    },
    {
      "type": "wokwi-led",
      "id": "led5",
      "top": -166.8,
      "left": -5.8,
      "attrs": { "color": "white" }
    },
    {
      "type": "wokwi-resistor",
      "id": "r1",
      "top": -91.2,
      "left": -10.15,
      "rotate": 90,
      "attrs": { "value": "1000" }
    },
    {
      "type": "wokwi-resistor",
      "id": "r2",
      "top": -91.2,
      "left": 191.45,
      "rotate": 90,
      "attrs": { "value": "1000" }
    },
    {
      "type": "wokwi-resistor",
      "id": "r3",
      "top": -91.2,
      "left": 47.45,
      "rotate": 90,
      "attrs": { "value": "1000" }
    },
    {
      "type": "wokwi-resistor",
      "id": "r4",
      "top": -91.2,
      "left": 95.45,
      "rotate": 90,
      "attrs": { "value": "1000" }
    },
    {
      "type": "wokwi-resistor",
      "id": "r5",
      "top": -91.2,
      "left": 143.45,
      "rotate": 90,
      "attrs": { "value": "1000" }
    },
    {
      "type": "wokwi-pushbutton",
      "id": "btn1",
      "top": -205,
      "left": 259.2,
      "attrs": { "color": "green" }
    },
    { "type": "wokwi-potentiometer", "id": "pot1", "top": 75.5, "left": 307, "attrs": {} }
  ],
  "connections": [
    [ "led5:A", "r1:1", "green", [ "v0" ] ],
    [ "led2:A", "r3:1", "green", [ "v0" ] ],
    [ "led1:A", "r4:1", "green", [ "v0" ] ],
    [ "led4:A", "r5:1", "green", [ "v0" ] ],
    [ "led3:A", "r2:1", "green", [ "v0" ] ],
    [ "led5:C", "uno:GND.1", "green", [ "v0" ] ],
    [ "led2:C", "uno:GND.1", "green", [ "v0" ] ],
    [ "led1:C", "uno:GND.1", "green", [ "v0" ] ],
    [ "led4:C", "uno:GND.1", "green", [ "v0" ] ],
    [ "led3:C", "uno:GND.1", "green", [ "v0" ] ],
    [ "btn1:1.l", "uno:GND.1", "green", [ "h0" ] ],
    [ "r1:2", "uno:10", "green", [ "h0" ] ],
    [ "r3:2", "uno:9", "green", [ "h0" ] ],
    [ "r4:2", "uno:6", "green", [ "h0" ] ],
    [ "r5:2", "uno:5", "green", [ "h0" ] ],
    [ "r2:2", "uno:3", "green", [ "h0" ] ],
    [ "btn1:2.r", "uno:4", "green", [ "h0" ] ],
    [ "pot1:GND", "uno:GND.2", "black", [ "v0" ] ],
    [ "pot1:VCC", "uno:5V", "red", [ "v0" ] ],
    [ "pot1:SIG", "uno:A0", "green", [ "v0" ] ]
  ],
  "dependencies": {}
}