{
  "version": 1,
  "author": "Anonymous maker",
  "editor": "wokwi",
  "parts": [
    { "type": "wokwi-arduino-uno", "id": "uno", "top": 0, "left": 0, "attrs": {} },
    {
      "type": "wokwi-led",
      "id": "led1",
      "top": -166.8,
      "left": 109.4,
      "attrs": { "color": "red" }
    },
    {
      "type": "wokwi-led",
      "id": "led2",
      "top": -166.8,
      "left": 167,
      "attrs": { "color": "white" }
    },
    {
      "type": "wokwi-led",
      "id": "led3",
      "top": -166.8,
      "left": 51.8,
      "attrs": { "color": "yellow" }
    },
    {
      "type": "wokwi-led",
      "id": "led4",
      "top": -166.8,
      "left": -5.8,
      "attrs": { "color": "blue" }
    },
    {
      "type": "wokwi-resistor",
      "id": "r1",
      "top": -91.2,
      "left": 162.65,
      "rotate": 90,
      "attrs": { "value": "1000" }
    },
    {
      "type": "wokwi-resistor",
      "id": "r2",
      "top": -91.2,
      "left": 47.45,
      "rotate": 90,
      "attrs": { "value": "1000" }
    },
    {
      "type": "wokwi-resistor",
      "id": "r3",
      "top": -91.2,
      "left": 105.05,
      "rotate": 90,
      "attrs": { "value": "1000" }
    },
    {
      "type": "wokwi-resistor",
      "id": "r4",
      "top": -91.2,
      "left": -10.15,
      "rotate": 90,
      "attrs": { "value": "1000" }
    },
    { "type": "wokwi-potentiometer", "id": "pot1", "top": -10.9, "left": 383.8, "attrs": {} }
  ],
  "connections": [
    [ "led2:A", "r1:1", "green", [ "v0" ] ],
    [ "led1:A", "r3:1", "green", [ "v0" ] ],
    [ "led3:A", "r2:1", "green", [ "v0" ] ],
    [ "led4:A", "r4:1", "green", [ "v0" ] ],
    [ "uno:GND.1", "led4:C", "black", [ "v0" ] ],
    [ "uno:GND.1", "led3:C", "black", [ "v0" ] ],
    [ "uno:GND.1", "led1:C", "black", [ "v0" ] ],
    [ "uno:GND.1", "led2:C", "black", [ "v0" ] ],
    [ "pot1:GND", "uno:GND.2", "black", [ "v0" ] ],
    [ "pot1:SIG", "uno:A0", "green", [ "v0" ] ],
    [ "pot1:VCC", "uno:5V", "red", [ "v0" ] ],
    [ "uno:11", "r4:2", "green", [ "v0" ] ],
    [ "r2:2", "uno:10", "green", [ "h0" ] ],
    [ "r3:2", "uno:6", "green", [ "h0" ] ],
    [ "r1:2", "uno:5", "green", [ "h0" ] ]
  ],
  "dependencies": {}
}