{
  "version": 1,
  "author": "Макс Черепянский",
  "editor": "wokwi",
  "parts": [
    { "type": "wokwi-breadboard-half", "id": "bb1", "top": -22.2, "left": 310, "attrs": {} },
    { "type": "wokwi-arduino-uno", "id": "uno", "top": 0, "left": 0, "attrs": {} },
    { "type": "wokwi-led", "id": "led1", "top": 82.8, "left": 455, "attrs": { "color": "blue" } },
    { "type": "wokwi-led", "id": "led2", "top": 82.8, "left": 407, "attrs": { "color": "green" } },
    { "type": "wokwi-led", "id": "led3", "top": 82.8, "left": 359, "attrs": { "color": "red" } },
    { "type": "wokwi-potentiometer", "id": "pot1", "top": 181.1, "left": 383.8, "attrs": {} },
    {
      "type": "wokwi-resistor",
      "id": "r1",
      "top": 62.4,
      "left": 450.65,
      "rotate": 90,
      "attrs": { "value": "1000" }
    },
    {
      "type": "wokwi-resistor",
      "id": "r2",
      "top": 62.4,
      "left": 402.65,
      "rotate": 90,
      "attrs": { "value": "1000" }
    },
    {
      "type": "wokwi-resistor",
      "id": "r3",
      "top": 62.4,
      "left": 354.65,
      "rotate": 90,
      "attrs": { "value": "1000" }
    }
  ],
  "connections": [
    [ "bb1:bn.5", "bb1:bn.6", "green", [ "v0" ] ],
    [ "bb1:bn.10", "bb1:bn.11", "green", [ "v0" ] ],
    [ "bb1:bn.15", "bb1:bn.16", "green", [ "v0" ] ],
    [ "bb1:bn.20", "bb1:bn.21", "green", [ "v0" ] ],
    [ "bb1:bp.5", "bb1:bp.6", "green", [ "v0" ] ],
    [ "bb1:bp.11", "bb1:bp.10", "green", [ "v0" ] ],
    [ "bb1:bp.15", "bb1:bp.16", "green", [ "v0" ] ],
    [ "bb1:bp.20", "bb1:bp.21", "green", [ "v0" ] ],
    [ "bb1:5b.j", "bb1:bn.4", "green", [ "v0" ] ],
    [ "bb1:10b.j", "bb1:bn.8", "green", [ "v0" ] ],
    [ "bb1:15b.j", "bb1:bn.12", "green", [ "v0" ] ],
    [ "uno:GND.3", "bb1:bn.1", "black", [ "v29.3", "h166.6" ] ],
    [ "uno:5V", "bb1:bp.1", "red", [ "v38.9", "h185.6", "v-48" ] ],
    [ "pot1:VCC", "bb1:bp.13", "red", [ "v19.2", "h85.6" ] ],
    [ "pot1:GND", "bb1:bn.2", "black", [ "v0", "h-96", "v-96", "h124.8" ] ],
    [ "uno:A0", "pot1:SIG", "green", [ "v182.9", "h118.4", "v-9.6" ] ],
    [ "uno:11", "r3:1", "green", [ "v-76.2", "h192", "v0", "h28.8" ] ],
    [ "uno:10", "r2:1", "green", [ "v-66.6", "h278.5", "v115.2", "h0" ] ],
    [ "uno:9", "r1:1", "green", [ "v-57", "h297.8", "v9.6" ] ],
    [ "led1:A", "bb1:16b.i", "", [ "$bb" ] ],
    [ "led1:C", "bb1:15b.i", "", [ "$bb" ] ],
    [ "led2:A", "bb1:11b.i", "", [ "$bb" ] ],
    [ "led2:C", "bb1:10b.i", "", [ "$bb" ] ],
    [ "led3:A", "bb1:6b.i", "", [ "$bb" ] ],
    [ "led3:C", "bb1:5b.i", "", [ "$bb" ] ],
    [ "r1:1", "bb1:16t.b", "", [ "$bb" ] ],
    [ "r1:2", "bb1:16b.f", "", [ "$bb" ] ],
    [ "r2:1", "bb1:11t.b", "", [ "$bb" ] ],
    [ "r2:2", "bb1:11b.f", "", [ "$bb" ] ],
    [ "r3:1", "bb1:6t.b", "", [ "$bb" ] ],
    [ "r3:2", "bb1:6b.f", "", [ "$bb" ] ]
  ],
  "dependencies": {}
}