{
  "version": 1,
  "author": "Valera",
  "editor": "wokwi",
  "parts": [
    { "type": "wokwi-breadboard-half", "id": "bb1", "top": 275.4, "left": -208.4, "attrs": {} },
    { "type": "wokwi-arduino-uno", "id": "uno", "top": 20, "left": 20, "attrs": {} },
    {
      "type": "wokwi-lcd2004",
      "id": "lcd",
      "top": 275.2,
      "left": 178.4,
      "attrs": { "pins": "i2c" }
    },
    {
      "type": "wokwi-dht22",
      "id": "dht1",
      "top": -114.9,
      "left": -82.2,
      "attrs": { "temperature": "35.7", "humidity": "0" }
    },
    {
      "type": "wokwi-hc-sr04",
      "id": "ultrasonic1",
      "top": -84.9,
      "left": 379.9,
      "attrs": { "distance": "74" }
    },
    { "type": "wokwi-led", "id": "led1", "top": 313.2, "left": 51.8, "attrs": { "color": "red" } },
    {
      "type": "wokwi-resistor",
      "id": "r1",
      "top": 388.8,
      "left": 47.45,
      "rotate": 90,
      "attrs": { "value": "1000" }
    },
    {
      "type": "wokwi-led",
      "id": "led2",
      "top": 313.2,
      "left": 3.8,
      "attrs": { "color": "limegreen" }
    },
    {
      "type": "wokwi-resistor",
      "id": "r2",
      "top": 388.8,
      "left": -0.55,
      "rotate": 90,
      "attrs": { "value": "1000" }
    },
    {
      "type": "wokwi-pushbutton",
      "id": "btn1",
      "top": 345,
      "left": -64.2,
      "rotate": 90,
      "attrs": { "color": "green" }
    }
  ],
  "connections": [
    [ "uno:GND.2", "lcd:GND", "black", [ "v14", "*", "h-20" ] ],
    [ "uno:5V", "lcd:VCC", "red", [ "v18", "*", "h-16" ] ],
    [ "uno:A4", "lcd:SDA", "green", [ "v22", "*", "h-12" ] ],
    [ "dht1:SDA", "uno:2", "blue", [ "v1.89", "h199.14" ] ],
    [ "ultrasonic1:TRIG", "uno:3", "purple", [ "v5.17", "h-143.25" ] ],
    [ "ultrasonic1:VCC", "uno:5V", "red", [ "v234.73", "h-202.36" ] ],
    [ "ultrasonic1:GND", "uno:GND.2", "black", [ "v229.35", "h-216.53" ] ],
    [ "ultrasonic1:ECHO", "uno:4", "green", [ "v19.52", "h-160.64" ] ],
    [ "uno:A5", "lcd:SCL", "blue", [ "v26", "*", "h-8" ] ],
    [ "dht1:VCC", "uno:5V", "red", [ "v3.68", "h-63.52", "v219.99", "h199.07" ] ],
    [ "dht1:GND", "uno:GND.2", "black", [ "v9.66", "h-106.9", "v212.22", "h214.02" ] ],
    [ "uno:GND.2", "bb1:tn.25", "black", [ "v0" ] ],
    [ "bb1:tn.21", "bb1:tn.20", "green", [ "v0" ] ],
    [ "bb1:tn.18", "bb1:22t.a", "green", [ "v0" ] ],
    [ "bb1:tn.22", "bb1:27t.a", "green", [ "v0" ] ],
    [
      "bb1:28b.j",
      "uno:8",
      "green",
      [ "v0", "h57.6", "v-153.6", "h220.8", "v-278.4", "h-163.2" ]
    ],
    [
      "bb1:23b.j",
      "uno:12",
      "green",
      [ "v-9.6", "h96", "v-163.2", "h-124.8", "v-259.2", "h163.2" ]
    ],
    [ "bb1:tn.24", "bb1:bn.25", "green", [ "v0" ] ],
    [ "bb1:18b.i", "bb1:bn.15", "green", [ "v0" ] ],
    [ "uno:13", "btn1:2.l", "green", [ "v67", "h-221.8" ] ],
    [ "led1:A", "bb1:28t.d", "", [ "$bb" ] ],
    [ "led1:C", "bb1:27t.d", "", [ "$bb" ] ],
    [ "r1:1", "bb1:28t.e", "", [ "$bb" ] ],
    [ "r1:2", "bb1:28b.i", "", [ "$bb" ] ],
    [ "led2:A", "bb1:23t.d", "", [ "$bb" ] ],
    [ "led2:C", "bb1:22t.d", "", [ "$bb" ] ],
    [ "r2:1", "bb1:23t.e", "", [ "$bb" ] ],
    [ "r2:2", "bb1:23b.i", "", [ "$bb" ] ],
    [ "btn1:1.l", "bb1:18t.b", "", [ "$bb" ] ],
    [ "btn1:2.l", "bb1:16t.b", "", [ "$bb" ] ],
    [ "btn1:1.r", "bb1:18b.g", "", [ "$bb" ] ],
    [ "btn1:2.r", "bb1:16b.g", "", [ "$bb" ] ]
  ],
  "dependencies": {}
}