{
  "version": 1,
  "author": "Anonymous maker",
  "editor": "wokwi",
  "parts": [
    { "type": "wokwi-breadboard", "id": "bb1", "top": -3, "left": 300.4, "attrs": {} },
    { "type": "wokwi-arduino-uno", "id": "uno", "top": 0, "left": 0, "attrs": {} },
    {
      "type": "wokwi-led",
      "id": "led1",
      "top": 82.8,
      "left": 522.2,
      "attrs": { "color": "white" }
    },
    {
      "type": "wokwi-resistor",
      "id": "r1",
      "top": 128.75,
      "left": 480,
      "attrs": { "value": "1000" }
    },
    { "type": "wokwi-potentiometer", "id": "pot1", "top": 56.3, "left": 374.2, "attrs": {} }
  ],
  "connections": [
    [ "pot1:GND", "bb1:9b.h", "black", [ "v0" ] ],
    [ "pot1:SIG", "bb1:10b.h", "green", [ "v0" ] ],
    [ "pot1:VCC", "bb1:11b.h", "red", [ "v0" ] ],
    [ "r1:2", "led1:C", "green", [ "v0" ] ],
    [ "bb1:24b.h", "uno:10", "green", [ "v0" ] ],
    [ "r1:1", "bb1:bp.13", "green", [ "v0" ] ],
    [ "bb1:9b.i", "bb1:bp.6", "green", [ "v0" ] ],
    [ "bb1:10b.i", "uno:A1", "green", [ "v0" ] ],
    [ "bb1:11b.i", "bb1:bn.8", "green", [ "v0" ] ],
    [ "bb1:bn.1", "uno:5V", "green", [ "v0" ] ],
    [ "bb1:bp.1", "uno:GND.2", "green", [ "v0" ] ],
    [ "r1:1", "bb1:17b.h", "", [ "$bb" ] ],
    [ "r1:2", "bb1:23b.h", "", [ "$bb" ] ],
    [ "pot1:GND", "bb1:9b.g", "", [ "$bb" ] ],
    [ "pot1:SIG", "bb1:10b.g", "", [ "$bb" ] ],
    [ "pot1:VCC", "bb1:11b.g", "", [ "$bb" ] ],
    [ "led1:A", "bb1:24b.g", "", [ "$bb" ] ],
    [ "led1:C", "bb1:23b.g", "", [ "$bb" ] ]
  ],
  "dependencies": {}
}