{
  "version": 1,
  "author": "Anonymous maker",
  "editor": "wokwi",
  "parts": [
    { "type": "wokwi-arduino-uno", "id": "uno", "top": 0, "left": 0, "attrs": {} },
    {
      "type": "wokwi-led",
      "id": "led1",
      "top": -118.8,
      "left": 99.8,
      "attrs": { "color": "white" }
    },
    {
      "type": "wokwi-resistor",
      "id": "r1",
      "top": -43.2,
      "left": 95.45,
      "rotate": 90,
      "attrs": { "value": "1000" }
    }
  ],
  "connections": [
    [ "uno:13", "r1:2", "green", [ "v0" ] ],
    [ "r1:1", "led1:A", "green", [ "h0" ] ],
    [ "led1:C", "uno:GND.1", "green", [ "v0" ] ]
  ],
  "dependencies": {}
}