{
  "version": 1,
  "author": "Макс Черепянский",
  "editor": "wokwi",
  "parts": [
    { "type": "wokwi-breadboard", "id": "bb1", "top": -60.6, "left": 70, "attrs": {} },
    { "type": "wokwi-arduino-uno", "id": "uno", "top": -57, "left": -211.8, "attrs": {} },
    {
      "type": "wokwi-7segment",
      "id": "sevseg1",
      "top": 187.38,
      "left": 216.28,
      "attrs": { "common": "cathode" }
    },
    { "type": "wokwi-74hc595", "id": "sr1", "top": 27.6, "left": 235.84, "attrs": {} },
    {
      "type": "wokwi-resistor",
      "id": "r1",
      "top": 33.6,
      "left": 153.05,
      "rotate": 90,
      "attrs": { "value": "1000" }
    },
    {
      "type": "wokwi-resistor",
      "id": "r2",
      "top": 33.6,
      "left": 143.45,
      "rotate": 90,
      "attrs": { "value": "1000" }
    },
    {
      "type": "wokwi-resistor",
      "id": "r3",
      "top": 33.6,
      "left": 133.85,
      "rotate": 90,
      "attrs": { "value": "1000" }
    },
    {
      "type": "wokwi-resistor",
      "id": "r4",
      "top": 33.6,
      "left": 124.25,
      "rotate": 90,
      "attrs": { "value": "1000" }
    },
    {
      "type": "wokwi-resistor",
      "id": "r5",
      "top": 33.6,
      "left": 114.65,
      "rotate": 90,
      "attrs": { "value": "1000" }
    },
    {
      "type": "wokwi-resistor",
      "id": "r6",
      "top": 33.6,
      "left": 105.05,
      "rotate": 90,
      "attrs": { "value": "1000" }
    },
    {
      "type": "wokwi-resistor",
      "id": "r7",
      "top": 33.6,
      "left": 95.45,
      "rotate": 90,
      "attrs": { "value": "1000" }
    },
    {
      "type": "wokwi-resistor",
      "id": "r8",
      "top": 33.6,
      "left": 85.85,
      "rotate": 90,
      "attrs": { "value": "1000" }
    }
  ],
  "connections": [
    [ "sr1:Q1", "bb1:16b.f", "", [ "$bb" ] ],
    [ "sr1:Q2", "bb1:17b.f", "", [ "$bb" ] ],
    [ "sr1:Q3", "bb1:18b.f", "", [ "$bb" ] ],
    [ "sr1:Q4", "bb1:19b.f", "", [ "$bb" ] ],
    [ "sr1:Q5", "bb1:20b.f", "", [ "$bb" ] ],
    [ "sr1:Q6", "bb1:21b.f", "", [ "$bb" ] ],
    [ "sr1:Q7", "bb1:22b.f", "", [ "$bb" ] ],
    [ "sr1:GND", "bb1:23b.f", "", [ "$bb" ] ],
    [ "sr1:Q7S", "bb1:23t.e", "", [ "$bb" ] ],
    [ "sr1:MR", "bb1:22t.e", "", [ "$bb" ] ],
    [ "sr1:SHCP", "bb1:21t.e", "", [ "$bb" ] ],
    [ "sr1:STCP", "bb1:20t.e", "", [ "$bb" ] ],
    [ "sr1:OE", "bb1:19t.e", "", [ "$bb" ] ],
    [ "sr1:DS", "bb1:18t.e", "", [ "$bb" ] ],
    [ "sr1:Q0", "bb1:17t.e", "", [ "$bb" ] ],
    [ "sr1:VCC", "bb1:16t.e", "", [ "$bb" ] ],
    [ "r7:1", "bb1:4t.c", "", [ "$bb" ] ],
    [ "r7:2", "bb1:4b.g", "", [ "$bb" ] ],
    [ "r6:1", "bb1:5t.c", "", [ "$bb" ] ],
    [ "r6:2", "bb1:5b.g", "", [ "$bb" ] ],
    [ "r5:1", "bb1:6t.c", "", [ "$bb" ] ],
    [ "r5:2", "bb1:6b.g", "", [ "$bb" ] ],
    [ "r4:1", "bb1:7t.c", "", [ "$bb" ] ],
    [ "r4:2", "bb1:7b.g", "", [ "$bb" ] ],
    [ "r3:1", "bb1:8t.c", "", [ "$bb" ] ],
    [ "r3:2", "bb1:8b.g", "", [ "$bb" ] ],
    [ "r2:1", "bb1:9t.c", "", [ "$bb" ] ],
    [ "r2:2", "bb1:9b.g", "", [ "$bb" ] ],
    [ "r1:1", "bb1:10t.c", "", [ "$bb" ] ],
    [ "r1:2", "bb1:10b.g", "", [ "$bb" ] ],
    [ "bb1:bp.1", "bb1:tp.1", "green", [ "v-0.9", "h-48.8", "v-172.8" ] ],
    [ "bb1:bn.1", "bb1:tn.1", "green", [ "v-1.3", "h-58.4", "v-182.4" ] ],
    [ "uno:GND.3", "bb1:bn.1", "black", [ "v47.9", "h61.6" ] ],
    [ "uno:5V", "bb1:bp.2", "red", [ "v28.7", "h176.6" ] ],
    [ "bb1:23b.j", "bb1:bn.18", "green", [ "v0" ] ],
    [ "bb1:bn.5", "bb1:bn.6", "green", [ "v0" ] ],
    [ "bb1:bp.5", "bb1:bp.6", "green", [ "v0" ] ],
    [ "bb1:bn.10", "bb1:bn.11", "green", [ "v0" ] ],
    [ "bb1:bp.11", "bb1:bp.10", "green", [ "v0" ] ],
    [ "bb1:bn.46", "bb1:bn.45", "green", [ "v0" ] ],
    [ "bb1:bp.45", "bb1:bp.46", "green", [ "v0" ] ],
    [ "bb1:bn.41", "bb1:bn.40", "green", [ "v0" ] ],
    [ "bb1:bp.40", "bb1:bp.41", "green", [ "v0" ] ],
    [ "bb1:bn.36", "bb1:bn.35", "green", [ "v0" ] ],
    [ "bb1:bp.35", "bb1:bp.36", "green", [ "v0" ] ],
    [ "bb1:bn.31", "bb1:bn.30", "green", [ "v0" ] ],
    [ "bb1:bn.26", "bb1:bn.25", "green", [ "v0" ] ],
    [ "bb1:bn.21", "bb1:bn.20", "green", [ "v0" ] ],
    [ "bb1:bn.16", "bb1:bn.15", "green", [ "v0" ] ],
    [ "bb1:bp.15", "bb1:bp.16", "green", [ "v0" ] ],
    [ "bb1:bp.20", "bb1:bp.21", "green", [ "v0" ] ],
    [ "bb1:bp.25", "bb1:bp.26", "green", [ "v0" ] ],
    [ "bb1:bp.30", "bb1:bp.31", "green", [ "v0" ] ],
    [ "bb1:16t.a", "bb1:tp.12", "green", [ "v0" ] ],
    [ "bb1:19t.a", "bb1:tn.15", "green", [ "v0" ] ],
    [ "bb1:22t.a", "bb1:tp.17", "green", [ "v0" ] ],
    [ "bb1:18t.a", "uno:3", "green", [ "v-86.4", "h-9.6" ] ],
    [ "uno:5", "bb1:20t.a", "green", [ "v-67.2", "h13.4" ] ],
    [ "bb1:21t.a", "uno:6", "green", [ "v-124.8", "h-9.6" ] ],
    [ "bb1:10b.h", "sevseg1:G", "green", [ "v105.6", "h38.4", "v-9.6" ] ],
    [ "bb1:9b.h", "sevseg1:F", "green", [ "v96", "h57.6" ] ],
    [ "bb1:8b.h", "sevseg1:A", "green", [ "v105.6", "h86.4", "v-9.6" ] ],
    [ "bb1:7b.h", "sevseg1:B", "green", [ "v86.4", "h105.6" ] ],
    [ "r8:1", "bb1:3t.c", "", [ "$bb" ] ],
    [ "r8:2", "bb1:3b.g", "", [ "$bb" ] ],
    [ "bb1:6b.h", "sevseg1:E", "green", [ "v211.2", "h48" ] ],
    [ "bb1:5b.h", "sevseg1:D", "green", [ "v201.6", "h96" ] ],
    [ "bb1:4b.h", "sevseg1:C", "green", [ "v220.8", "h124.8" ] ],
    [ "sevseg1:DP", "bb1:3b.h", "green", [ "v48", "h-153.6", "v-9.6" ] ],
    [ "bb1:10t.b", "bb1:21b.g", "green", [ "v0" ] ],
    [ "bb1:20b.g", "bb1:9t.b", "green", [ "v0" ] ],
    [ "sevseg1:COM.2", "bb1:bn.12", "green", [ "h0" ] ],
    [ "bb1:17t.d", "bb1:8t.b", "green", [ "v0" ] ],
    [ "bb1:16b.g", "bb1:7t.b", "green", [ "v0" ] ],
    [ "bb1:19b.g", "bb1:6t.b", "green", [ "v0" ] ],
    [ "bb1:18b.g", "bb1:5t.b", "green", [ "v0" ] ],
    [ "bb1:17b.g", "bb1:4t.b", "green", [ "v0" ] ],
    [ "bb1:3t.b", "bb1:16b.g", "green", [ "v0" ] ]
  ],
  "dependencies": {}
}