{
  "version": 1,
  "author": "Anonymous maker",
  "editor": "wokwi",
  "parts": [
    { "type": "wokwi-arduino-uno", "id": "uno", "top": 0.6, "left": -106.2, "attrs": {} },
    {
      "type": "wokwi-led",
      "id": "led1",
      "top": -147.6,
      "left": 42.2,
      "attrs": { "color": "red" }
    },
    { "type": "wokwi-led", "id": "led2", "top": -147.6, "left": -25, "attrs": { "color": "red" } },
    {
      "type": "wokwi-led",
      "id": "led3",
      "top": -147.6,
      "left": 90.2,
      "attrs": { "color": "green" }
    },
    {
      "type": "wokwi-led",
      "id": "led4",
      "top": -147.6,
      "left": -73,
      "attrs": { "color": "green" }
    },
    {
      "type": "wokwi-resistor",
      "id": "r1",
      "top": -62.4,
      "left": -77.35,
      "rotate": 90,
      "attrs": { "value": "2000" }
    },
    {
      "type": "wokwi-resistor",
      "id": "r2",
      "top": -62.4,
      "left": -29.35,
      "rotate": 90,
      "attrs": { "value": "1000" }
    },
    {
      "type": "wokwi-resistor",
      "id": "r3",
      "top": -62.4,
      "left": 37.85,
      "rotate": 90,
      "attrs": { "value": "1000" }
    },
    {
      "type": "wokwi-resistor",
      "id": "r4",
      "top": -62.4,
      "left": 85.85,
      "rotate": 90,
      "attrs": { "value": "1000" }
    },
    {
      "type": "wokwi-pushbutton",
      "id": "btn1",
      "top": -233.8,
      "left": 9.6,
      "attrs": { "color": "green" }
    }
  ],
  "connections": [
    [ "led4:A", "r1:1", "green", [ "v9.6", "h0", "v9.6" ] ],
    [ "led2:A", "r2:1", "green", [ "v0" ] ],
    [ "led1:A", "r3:1", "green", [ "v0" ] ],
    [ "led3:A", "r4:1", "green", [ "v19.2" ] ],
    [ "uno:6", "btn1:2.r", "green", [ "v0" ] ],
    [ "btn1:1.l", "uno:GND.1", "green", [ "h0" ] ],
    [ "r1:2", "uno:5", "green", [ "h0" ] ],
    [ "r2:2", "uno:4", "green", [ "h0" ] ],
    [ "r3:2", "uno:3", "green", [ "h0" ] ],
    [ "r4:2", "uno:2", "green", [ "h0" ] ],
    [ "led2:C", "uno:GND.1", "green", [ "v0" ] ],
    [ "led4:C", "uno:GND.1", "green", [ "v0" ] ],
    [ "led1:C", "uno:GND.1", "green", [ "v0" ] ],
    [ "led3:C", "uno:GND.1", "green", [ "v0" ] ]
  ],
  "dependencies": {}
}