{
  "version": 1,
  "author": "Макс Черепянский",
  "editor": "wokwi",
  "parts": [
    { "type": "wokwi-breadboard-mini", "id": "bb1", "top": 75.4, "left": 74.4, "attrs": {} },
    { "type": "wokwi-arduino-uno", "id": "uno", "top": 0, "left": 0, "attrs": {} },
    {
      "type": "wokwi-lcd1602",
      "id": "lcd1",
      "top": 246.4,
      "left": 312.8,
      "attrs": { "pins": "i2c" }
    },
    {
      "type": "wokwi-lcd1602",
      "id": "lcd2",
      "top": 35.2,
      "left": 351.2,
      "attrs": { "pins": "i2c" }
    }
  ],
  "connections": [
    [ "lcd1:GND", "uno:GND.3", "black", [ "h0" ] ],
    [ "uno:5V", "lcd1:VCC", "red", [ "v0" ] ],
    [ "lcd1:SDA", "uno:A4", "green", [ "h0" ] ],
    [ "uno:A5", "lcd1:SCL", "green", [ "v0" ] ],
    [ "lcd2:GND", "uno:GND.3", "black", [ "h0" ] ],
    [ "lcd2:VCC", "uno:5V", "red", [ "h0" ] ],
    [ "lcd2:SCL", "uno:A5", "green", [ "h0" ] ],
    [ "lcd2:SDA", "uno:A4", "green", [ "h0" ] ]
  ],
  "dependencies": {}
}