{
  "version": 1,
  "author": "Anonymous maker",
  "editor": "wokwi",
  "parts": [
    { "type": "wokwi-arduino-uno", "id": "uno", "top": 0, "left": 0, "attrs": {} },
    {
      "type": "wokwi-led",
      "id": "led1",
      "top": -147.6,
      "left": 138.2,
      "attrs": { "color": "white" }
    },
    {
      "type": "wokwi-photoresistor-sensor",
      "id": "ldr1",
      "top": 233.6,
      "left": -37.6,
      "attrs": {}
    },
    {
      "type": "wokwi-resistor",
      "id": "r1",
      "top": -72,
      "left": 133.85,
      "rotate": 90,
      "attrs": { "value": "1000" }
    }
  ],
  "connections": [
    [ "led1:C", "uno:GND.1", "green", [ "v0" ] ],
    [ "ldr1:VCC", "uno:5V", "red", [ "h0" ] ],
    [ "ldr1:GND", "uno:GND.2", "black", [ "h0" ] ],
    [ "ldr1:AO", "uno:A0", "green", [ "h0" ] ],
    [ "uno:6", "r1:2", "green", [ "v0" ] ],
    [ "r1:1", "led1:A", "green", [ "h0" ] ],
    [ "ldr1:DO", "uno:5", "green", [ "h0" ] ]
  ],
  "dependencies": {}
}